Model,MAE,RMSE,MAPE (%),R²
Official Forecast,178.88374919397162,295.52182406157596,1.211010635637181,0.9915508650019652
ESN,130.22436840544745,171.49562416697486,0.8755802851387926,0.9971546269213022
LSTM,162.88684555911772,215.0957446461038,1.0777899055800197,0.9955239310384892
CNN+LSTM,159.79868601485677,211.5877476091497,1.06686644158996,0.9956687409174786
Prophet,159.1023295627417,207.85181417590368,1.0799225689938863,0.9958203417729962
